[
    {
        "stepId": "STEP1",
        "stepName": "Url: WebTours",
        "infFile": "t2.inf",
        "time": 1585004023399
    },
    {
        "stepId": "STEP2",
        "stepName": "Submit Data: login.pl",
        "infFile": "t3.inf",
        "time": 1585004024134
    },
    {
        "stepId": "STEP3",
        "stepName": "Url: Search Flights Button",
        "infFile": "t4.inf",
        "time": 1585004024977
    },
    {
        "stepId": "STEP4",
        "stepName": "Submit Data: reservations.pl",
        "infFile": "t5.inf",
        "time": 1585004025414
    },
    {
        "stepId": "STEP5",
        "stepName": "Url: Search Flights Button_2",
        "infFile": "t6.inf",
        "time": 1585004025997
    },
    {
        "stepId": "STEP6",
        "stepName": "Submit Data: reservations.pl_2",
        "infFile": "t7.inf",
        "time": 1585004026431
    },
    {
        "stepId": "STEP7",
        "stepName": "Url: SignOff Button",
        "infFile": "t8.inf",
        "time": 1585004027073
    }
]