[
    {
        "stepId": "STEP1",
        "stepName": "Url: WebTours",
        "infFile": "t2.inf",
        "time": 1585129404747
    },
    {
        "stepId": "STEP2",
        "stepName": "Submit Data: login.pl",
        "infFile": "t3.inf",
        "time": 1585129410259
    },
    {
        "stepId": "STEP3",
        "stepName": "Url: Search Flights Button",
        "infFile": "t4.inf",
        "time": 1585129415750
    },
    {
        "stepId": "STEP4",
        "stepName": "Submit Data: reservations.pl",
        "infFile": "t5.inf",
        "time": 1585129421006
    },
    {
        "stepId": "STEP5",
        "stepName": "Url: Search Flights Button_2",
        "infFile": "t6.inf",
        "time": 1585129426424
    },
    {
        "stepId": "STEP6",
        "stepName": "Submit Data: reservations.pl_2",
        "infFile": "t7.inf",
        "time": 1585129431673
    },
    {
        "stepId": "STEP7",
        "stepName": "Url: SignOff Button",
        "infFile": "t8.inf",
        "time": 1585129437053
    }
]