[
    {
        "transactionName": "1_transaction_login",
        "rawStartTime": 1585493995888,
        "rawEndTime": 1585493996604
    },
    {
        "transactionName": "2_transaction_click_flights",
        "rawStartTime": 1585493996609,
        "rawEndTime": 1585493997208
    },
    {
        "transactionName": "3_transaction_enter_search_info",
        "rawStartTime": 1585493997213,
        "rawEndTime": 1585493997701
    },
    {
        "transactionName": "4_transaction_click_flights_2",
        "rawStartTime": 1585493997706,
        "rawEndTime": 1585493998287
    },
    {
        "transactionName": "5_transaction_enter_search_info_2",
        "rawStartTime": 1585493998292,
        "rawEndTime": 1585493998753
    },
    {
        "transactionName": "6_transaction_sign_off",
        "rawStartTime": 1585493998758,
        "rawEndTime": 1585493999261
    },
    {
        "transactionName": "search",
        "rawStartTime": 1585493993761,
        "rawEndTime": 1585493999265
    }
]