[
    {
        "stepId": "STEP1",
        "stepName": "Url: WebTours",
        "infFile": "t2.inf",
        "time": 1585129969878
    },
    {
        "stepId": "STEP2",
        "stepName": "Submit Data: login.pl",
        "infFile": "t3.inf",
        "time": 1585129975484
    },
    {
        "stepId": "STEP3",
        "stepName": "Url: Itinerary Button",
        "infFile": "t4.inf",
        "time": 1585129981051
    },
    {
        "stepId": "STEP4",
        "stepName": "Submit Data: itinerary.pl",
        "infFile": "t5.inf",
        "time": 1585129986341
    },
    {
        "stepId": "STEP5",
        "stepName": "Url: SignOff Button",
        "infFile": "t6.inf",
        "time": 1585129991779
    }
]