[
    {
        "stepId": "STEP1",
        "stepName": "Url: WebTours",
        "infFile": "t2.inf",
        "time": 1585001806799
    },
    {
        "stepId": "STEP2",
        "stepName": "Submit Data: login.pl",
        "infFile": "t3.inf",
        "time": 1585001807589
    },
    {
        "stepId": "STEP3",
        "stepName": "Url: Itinerary Button",
        "infFile": "t4.inf",
        "time": 1585001808367
    },
    {
        "stepId": "STEP4",
        "stepName": "Submit Data: itinerary.pl",
        "infFile": "t5.inf",
        "time": 1585001808760
    },
    {
        "stepId": "STEP5",
        "stepName": "Url: SignOff Button",
        "infFile": "t6.inf",
        "time": 1585001809377
    }
]