[
    {
        "stepId": "STEP1",
        "stepName": "Url: WebTours",
        "infFile": "t2.inf",
        "time": 1585509019220
    },
    {
        "stepId": "STEP2",
        "stepName": "Submit Data: login.pl",
        "infFile": "t3.inf",
        "time": 1585509020255
    },
    {
        "stepId": "STEP3",
        "stepName": "Url: Itinerary Button",
        "infFile": "t4.inf",
        "time": 1585509021010
    },
    {
        "stepId": "STEP4",
        "stepName": "Custom Request: itinerary.pl_2",
        "infFile": "t5.inf",
        "time": 1585509021907
    },
    {
        "stepId": "STEP5",
        "stepName": "Url: SignOff Button",
        "infFile": "t6.inf",
        "time": 1585509022496
    }
]