[
    {
        "transactionName": "1_transaction_login",
        "rawStartTime": 1585509019222,
        "rawEndTime": 1585509020256
    },
    {
        "transactionName": "2_transaction_itinerary",
        "rawStartTime": 1585509020261,
        "rawEndTime": 1585509021012
    },
    {
        "transactionName": "3_transaction_cancel_flight",
        "rawStartTime": 1585509021353,
        "rawEndTime": 1585509021910
    },
    {
        "transactionName": "4_transaction_sign_off",
        "rawStartTime": 1585509021914,
        "rawEndTime": 1585509022498
    },
    {
        "transactionName": "itinerary_cancel",
        "rawStartTime": 1585509018064,
        "rawEndTime": 1585509022502
    }
]