[
    {
        "transactionName": "1_transaction_login",
        "rawStartTime": 1585001806802,
        "rawEndTime": 1585001807590
    },
    {
        "transactionName": "2_transaction_itinerary",
        "rawStartTime": 1585001807592,
        "rawEndTime": 1585001808369
    },
    {
        "transactionName": "3_transaction_cancel_flight",
        "rawStartTime": 1585001808372,
        "rawEndTime": 1585001808762
    },
    {
        "transactionName": "4_transaction_sign_off",
        "rawStartTime": 1585001808766,
        "rawEndTime": 1585001809379
    },
    {
        "transactionName": "itinerary_cancel",
        "rawStartTime": 1585001806800,
        "rawEndTime": 1585001809381
    }
]