[
    {
        "transactionName": "1_transaction_login",
        "rawStartTime": 1585129969882,
        "rawEndTime": 1585129975486
    },
    {
        "transactionName": "2_transaction_itinerary",
        "rawStartTime": 1585129975489,
        "rawEndTime": 1585129981054
    },
    {
        "transactionName": "3_transaction_cancel_flight",
        "rawStartTime": 1585129981056,
        "rawEndTime": 1585129986343
    },
    {
        "transactionName": "4_transaction_sign_off",
        "rawStartTime": 1585129991348,
        "rawEndTime": 1585129991781
    },
    {
        "transactionName": "itinerary_cancel",
        "rawStartTime": 1585129969881,
        "rawEndTime": 1585129991783
    }
]