[
    {
        "stepId": "STEP1",
        "stepName": "Url: WebTours",
        "infFile": "t2.inf",
        "time": 1584997522601
    },
    {
        "stepId": "STEP2",
        "stepName": "Submit Data: login.pl",
        "infFile": "t3.inf",
        "time": 1584997523331
    },
    {
        "stepId": "STEP3",
        "stepName": "Url: Itinerary Button",
        "infFile": "t4.inf",
        "time": 1584997524037
    },
    {
        "stepId": "STEP4",
        "stepName": "Url: SignOff Button",
        "infFile": "t5.inf",
        "time": 1584997524594
    }
]