[
    {
        "transactionName": "1_transaction_login",
        "rawStartTime": 1585129689589,
        "rawEndTime": 1585129695145
    },
    {
        "transactionName": "2_transaction_itinerary",
        "rawStartTime": 1585129695148,
        "rawEndTime": 1585129700823
    },
    {
        "transactionName": "3_transaction_sign_off",
        "rawStartTime": 1585129705834,
        "rawEndTime": 1585129706315
    },
    {
        "transactionName": "itinerary",
        "rawStartTime": 1585129689587,
        "rawEndTime": 1585129706317
    }
]