[
    {
        "transactionName": "1_transaction_login",
        "rawStartTime": 1584997522616,
        "rawEndTime": 1584997523333
    },
    {
        "transactionName": "2_transaction_itinerary",
        "rawStartTime": 1584997523335,
        "rawEndTime": 1584997524039
    },
    {
        "transactionName": "3_transaction_sign_off",
        "rawStartTime": 1584997524043,
        "rawEndTime": 1584997524595
    },
    {
        "transactionName": "itinerary",
        "rawStartTime": 1584997522613,
        "rawEndTime": 1584997524597
    }
]