<?xml version="1.0" encoding="UTF-8"?><SLA Version="1.0"><TxList><Tx>5_transaction_enter_search_info_2</Tx><Tx>3_transaction_cancel_flight</Tx><Tx>2_transaction_click_flights</Tx><Tx>vuser_end_Transaction</Tx><Tx>search_and_pay</Tx><Tx>ticket_to_Los_Angeles</Tx><Tx>6_transaction_sign_off</Tx><Tx>3_transaction_sign_off</Tx><Tx>7_transaction_sign_off</Tx><Tx>vuser_init_Transaction</Tx><Tx>5_transaction_enter_payment_info</Tx><Tx>itinerary_cancel</Tx><Tx>1_transaction_login</Tx><Tx>search</Tx><Tx>4_transaction_choose_flight</Tx><Tx>3_transaction_enter_search_info</Tx><Tx>6_transaction_itinerary</Tx><Tx>4_transaction_click_flights_2</Tx><Tx>itinerary</Tx><Tx>2_transaction_itinerary</Tx><Tx>4_transaction_sign_off</Tx><Tx>Action_Transaction</Tx></TxList><SLARules><TrackingPeriodType>Default</TrackingPeriodType><TrackingPeriodValue></TrackingPeriodValue><TrackingPeriodTimeScale></TrackingPeriodTimeScale></SLARules></SLA>